{
    "672726837234892840": {
        "sayı": 1,
        "uyarılar": [
            "#1  | Sebep: Sebep Girilmedi. | Yetkili: ♱ DarkChain ɨs evɨl#2111 | Tarih: Invalid date"
        ]
    },
    "762001638700351489": {
        "sayı": 1,
        "uyarılar": [
            "#1  | Sebep: Flood | Yetkili: A̽̾c̓̔ͤe ƒíɾҽᴹᵉʳᶜʸ♱#0001 | Tarih: Invalid date"
        ]
    },
    "340082060716670976": {
        "sayı": 1,
        "uyarılar": [
            "#1  | Sebep: Pub Odalarda Küfür Ailevi | Yetkili: A̽̾rm ƒíɾҽᴹᵉʳᶜʸ♱#0001 | Tarih: Invalid date"
        ]
    },
    "270844640897400832": {
        "sayı": 1,
        "uyarılar": [
            "#1  | Sebep: Pub Odalarda Küfür | Yetkili: A̽̾rm ƒíɾҽᴹᵉʳᶜʸ♱#0001 | Tarih: Invalid date"
        ]
    },
    "347726043571814401": {
        "sayı": 1,
        "uyarılar": [
            "#1  | Sebep: Pub Odada Küfür | Yetkili: A̽̾rm ƒíɾҽᴹᵉʳᶜʸ♱#0001 | Tarih: Invalid date"
        ]
    },
    "348428137089990667": {
        "sayı": 1,
        "uyarılar": [
            "#1  | Sebep: Pub Küfür | Yetkili: A̽̾rm ƒíɾҽᴹᵉʳᶜʸ♱#0001 | Tarih: Invalid date"
        ]
    },
    "411981975864475661": {
        "sayı": 1,
        "uyarılar": [
            "#1  | Sebep: Pub Küfür | Yetkili: A̽̾rm ƒíɾҽᴹᵉʳᶜʸ♱#0001 | Tarih: Invalid date"
        ]
    },
    "667365667627991040": {
        "sayı": 1,
        "uyarılar": [
            "#1  | Sebep: Sebep Girilmedi. | Yetkili: Arda is chil ᵛᶤᶰ   ♱♪#0411 | Tarih: 12 Mart 2020 15:37"
        ]
    }
}